Title,Category
Descending aorta dissection and distal propagation with rupture,Emergency Diseases/Conditions
Other specified obsessive-compulsive or related disorders,Common Diseases/Conditions
Infections of other parts of urinary tract in pregnancy,Common Diseases/Conditions
Other specified malignant neoplasms of rectum,Rare Diseases/Conditions
Diabetic ketoacidosis without coma,Emergency Diseases/Conditions
"Ameloblastoma, unicystic type",Rare Diseases/Conditions
Splenic vein thrombosis,Emergency Diseases/Conditions
Sympathetic uveitis,Common Diseases/Conditions
"Osteochondromatosis, NOS",Rare Diseases/Conditions
Kaposi sarcoma associated with human immunodeficiency virus disease associated with malaria,Emergency Diseases/Conditions
Frotteuristic disorder,Common Diseases/Conditions
Cerebral ischaemic stroke due to paradoxical embolism,Emergency Diseases/Conditions
Streptococcal pharyngitis,Common Diseases/Conditions
Volatile inhalant-induced delirium,Common Diseases/Conditions
Sickle cell disease with crisis,Common Diseases/Conditions
Intrapartum haemorrhage with coagulation defect,Emergency Diseases/Conditions
Taenia solium,Common Diseases/Conditions
"Haemolytic disease of fetus or newborn, unspecified",Common Diseases/Conditions
Polyneuropathy in systemic connective tissue disorders,Rare Diseases/Conditions
"Dissociative neurological symptom disorder, with speech disturbance",Common Diseases/Conditions
Primary syphilis of other sites,Common Diseases/Conditions
Intussusception of the large intestine,Emergency Diseases/Conditions
Giant cell sarcoma,Rare Diseases/Conditions
"Acute promyelocytic leukaemia, t(15;17)(q22;q11-12)",Common Diseases/Conditions
Otomycosis,Common Diseases/Conditions
Measles complicated by meningitis,Emergency Diseases/Conditions
"Plasma cell neoplasm, unspecified",Rare Diseases/Conditions
"Anaemia complicating pregnancy, childbirth or the puerperium",Common Diseases/Conditions
Acute poliomyelitis,Emergency Diseases/Conditions
Perineuritis of optic nerve,Common Diseases/Conditions
Rheumatic aortitis,Emergency Diseases/Conditions
"Drug-induced or toxic liver disease, unspecified",Common Diseases/Conditions
Malignant neoplasm metastasis in other female reproductive system organs,Emergency Diseases/Conditions
Melanoma of conjunctiva,Common Diseases/Conditions
Other specified toxic or drug-related embryofetopathies,Rare Diseases/Conditions
Nocturnal and diurnal enuresis,Common Diseases/Conditions
Type 1 diabetes mellitus,Common Diseases/Conditions
Mycoplasma genitalium,Common Diseases/Conditions
Cardiogenic shock,Emergency Diseases/Conditions
Recurrent venous leg ulcer,Common Diseases/Conditions
Other secondary osteoarthritis of knee,Common Diseases/Conditions
"Megaloblastic anaemia due to vitamin B12 deficiency, unspecified",Common Diseases/Conditions
Atherosclerosis of renal artery,Common Diseases/Conditions
Drug-induced cytopenia,Common Diseases/Conditions
"Carcinoma in situ of cervix uteri, unspecified",Common Diseases/Conditions
Fibroblastic or myofibroblastic tumour of skin,Rare Diseases/Conditions
Synthetic cathinone-induced psychotic disorder with hallucinations,Emergency Diseases/Conditions
B-cell prolymphocytic leukaemia in complete remission,Rare Diseases/Conditions
Sudden infant death syndrome with mention of autopsy,Emergency Diseases/Conditions
"Primary biliary cholangitis, unspecified",Common Diseases/Conditions
"Synthetic cathinone dependence, early full remission",Common Diseases/Conditions
Other secondary osteoarthritis of wrist or hand,Common Diseases/Conditions
Cerebral venous thrombosis,Emergency Diseases/Conditions
Post traumatic osteoarthritis of wrist or hand,Common Diseases/Conditions
Fusobacterium polymorphum,Rare Diseases/Conditions
Brucella suis,Rare Diseases/Conditions
"Dissociative neurological symptom disorder, with other sensory disturbance",Common Diseases/Conditions
Lymphoedema due to venous insufficiency,Common Diseases/Conditions
Cystoisosporiasis of colon,Common Diseases/Conditions
Other specified acute bronchitis,Common Diseases/Conditions
"Sexually transmissible infections due to chlamydia, unspecified",Common Diseases/Conditions
Exhibitionistic disorder,Rare Diseases/Conditions
Other specified multiple developmental anomalies or syndromes,Rare Diseases/Conditions
B lymphoblastic leukaemia/lymphoma with t(5;14)(q31;q32); IL3-IGH,Emergency Diseases/Conditions
Neonatal conjunctivitis or dacryocystitis,Common Diseases/Conditions
Other specified infectious diseases of external ear,Common Diseases/Conditions
Spontaneous bacterial peritonitis,Emergency Diseases/Conditions
Chronic serous or mucoid otitis media,Common Diseases/Conditions
"Macro reentrant atrial tachycardia, unspecified",Common Diseases/Conditions
Medullary thyroid carcinoma,Rare Diseases/Conditions
Pseudocyst of pancreas,Common Diseases/Conditions
Melanoma in situ,Common Diseases/Conditions
Gastro-oesophageal laceration-haemorrhage syndrome,Emergency Diseases/Conditions
Carcinoma in situ of trachea,Common Diseases/Conditions
Intrauterine growth restriction associated with small for gestational age,Common Diseases/Conditions
Angiomatoid fibrous histiocytoma,Rare Diseases/Conditions
Vitamin A deficiency with corneal xerosis,Common Diseases/Conditions
Congenital aortic regurgitation,Common Diseases/Conditions
"Bipolar type II disorder, current episode depressive, mild",Common Diseases/Conditions
Severe birth asphyxia,Emergency Diseases/Conditions
"Stimulant dependence including amphetamines, methamphetamine or methcathinone, current use",Common Diseases/Conditions
Intervertebral disc degeneration of lumbar spine with prolapsed disc,Common Diseases/Conditions
Plaque-like CD34 positive dermal fibroma,Rare Diseases/Conditions
Other specified HIV disease clinical stage 4 associated with tuberculosis,Emergency Diseases/Conditions
Pulmonary hamartoma,Rare Diseases/Conditions
Coronary atherosclerosis of venous autologous bypass graft,Common Diseases/Conditions
Neonatal haemolysis due to systemic bacterial infection with or without concomitant diffuse intravascular coagulation,Emergency Diseases/Conditions
"Female pelvic peritonitis, unspecified",Emergency Diseases/Conditions
"Functionally univentricular heart, unspecified",Common Diseases/Conditions
Sialolithiasis,Common Diseases/Conditions
"Pyogenic bacterial infection of skin or subcutaneous tissue, unspecified",Common Diseases/Conditions
"Mixed germ cell-sex cord-stromal tumour, unclassified",Rare Diseases/Conditions
"Malignant melanoma, regressing",Emergency Diseases/Conditions
Malignant neoplasm metastasis in other or unspecified urinary system organs,Emergency Diseases/Conditions
Other specified toxoplasmosis,Rare Diseases/Conditions
Drug-induced or toxic liver disease with liver tumours,Common Diseases/Conditions
Other specified postinfectious arthropathies,Common Diseases/Conditions
"Cerebral ischaemic stroke, unspecified",Emergency Diseases/Conditions
Haemorrhage of anus and rectum,Emergency Diseases/Conditions
Acute miliary tuberculosis of multiple sites,Emergency Diseases/Conditions
Other specified atherosclerotic chronic arterial occlusive disease,Common Diseases/Conditions
Malnutrition in pregnancy,Common Diseases/Conditions
"Rheumatic arthritis, acute or subacute",Common Diseases/Conditions
Neonatal tracheitis,Common Diseases/Conditions
"Sudden infant death syndrome, unspecified",Emergency Diseases/Conditions
Myoepithelial carcinoma,Rare Diseases/Conditions
Acute monocytic leukaemia,Common Diseases/Conditions
Hypermagnesaemia,Common Diseases/Conditions
Acute miliary tuberculosis of a single specified site,Emergency Diseases/Conditions
Other specified acute neuropathy of cranial nerve due to zoster,Emergency Diseases/Conditions
Nodular sclerosis classical Hodgkin lymphoma,Common Diseases/Conditions
Nightmare disorder,Common Diseases/Conditions
Acute female pelvic inflammatory disease,Emergency Diseases/Conditions
"Human immunodeficiency virus disease without mention of associated disease or condition, clinical stage unspecified",Emergency Diseases/Conditions
Hemangiosarcoma,Emergency Diseases/Conditions
"Acute respiratory failure, Type I",Emergency Diseases/Conditions
Acquired pulmonary venous obstruction,Rare Diseases/Conditions
"Malignant neoplasm metastasis, unspecified",Emergency Diseases/Conditions
Angelman syndrome,Rare Diseases/Conditions
Adrenocorticotropic hormone deficiency,Common Diseases/Conditions
Pulmonary cryptococcosis,Rare Diseases/Conditions
Acid hypersecretion,Common Diseases/Conditions
"Sertoli-Leydig cell tumour, well differentiated",Rare Diseases/Conditions
Nephrotic syndrome,Common Diseases/Conditions
Type I leprosy reaction,Common Diseases/Conditions
"Stimulant-induced psychotic disorder including amphetamines, methamphetamine or methcathinone with hallucinations",Emergency Diseases/Conditions
Other specified drug-induced or toxic liver disease,Common Diseases/Conditions
Other acquired Creutzfeldt-Jakob Disease,Rare Diseases/Conditions
CARASIL - [cerebral autosomal recessive arteriopathy with subcortical infarcts and leukoencephalopathy] syndrome,Rare Diseases/Conditions
Thoracoabdominal aortic aneurysm without mention of perforation or rupture,Emergency Diseases/Conditions
"Klinefelter syndrome, male with more than two X chromosomes",Rare Diseases/Conditions
Iron overload diseases,Common Diseases/Conditions
Primary anterior uveitis,Common Diseases/Conditions
Varicella meningitis,Emergency Diseases/Conditions
Bordetella parapertussis,Rare Diseases/Conditions
Vulvovaginal ulceration,Common Diseases/Conditions
Pulmonary hypertension due to left heart disease,Common Diseases/Conditions
Non-syndromic genetically-determined hypermelanosis or lentiginosis,Rare Diseases/Conditions
Mitral atresia,Common Diseases/Conditions
Late onset cerebellar cortical atrophy,Rare Diseases/Conditions
Pneumonia due to Escherichia coli,Common Diseases/Conditions
Irritant contact gingivostomatitis,Common Diseases/Conditions
"Polycythaemia due to hypoxia, including high altitude",Common Diseases/Conditions
Hypervitaminosis D,Rare Diseases/Conditions
Acquired vitamin E deficiency anaemia,Common Diseases/Conditions
Follicular lichen planus,Common Diseases/Conditions
"Sarcoma, not elsewhere classified of retroperitoneum or peritoneum, unspecified",Rare Diseases/Conditions
"Spindle cell melanoma, type B",Rare Diseases/Conditions
"Traumatic subcutaneous emphysema, not elsewhere classified",Emergency Diseases/Conditions
Liposarcoma of male genital organs,Rare Diseases/Conditions
Drug-induced obesity,Common Diseases/Conditions
Other specified malignant neoplasms of accessory sinuses,Rare Diseases/Conditions
Hibernoma,Rare Diseases/Conditions
Other specified acute lower limb arterial occlusion,Emergency Diseases/Conditions
Congenital subglottic stenosis,Rare Diseases/Conditions
Other specified malignant neoplasm of descending colon and splenic flexure of colon,Rare Diseases/Conditions
Secondary angle closure glaucoma with pupillary block,Emergency Diseases/Conditions
Meningitis due to Cysticercosis,Rare Diseases/Conditions
Exotropia,Common Diseases/Conditions
Immunoproliferative small intestinal disease,Rare Diseases/Conditions
High grade squamous intraepithelial lesion of vagina,Common Diseases/Conditions
Precursor T-lymphoblastic neoplasms,Rare Diseases/Conditions
Lentivirus,Rare Diseases/Conditions
"Acute respiratory failure, Type II",Emergency Diseases/Conditions
Stasis dermatitis of the lower legs,Common Diseases/Conditions
Infectious pericarditis,Common Diseases/Conditions
Acute mixed lineage leukaemia,Emergency Diseases/Conditions
Enteroviral exanthematous fever,Common Diseases/Conditions
Intervertebral disc degeneration of lumbar spine with bony spur at the vertebra,Common Diseases/Conditions
"Infiltrating basal cell carcinoma, NOS",Common Diseases/Conditions
Influenza A H5N1 virus,Emergency Diseases/Conditions
Other specified herpes simplex infection of central nervous system,Emergency Diseases/Conditions
Postpartum haemorrhage following obstructed labour with uterine rupture,Emergency Diseases/Conditions
Nodular melanoma,Emergency Diseases/Conditions
Atrophic senile gingivitis,Common Diseases/Conditions
"Bipolar type I disorder, current episode manic, with psychotic symptoms",Common Diseases/Conditions
Malnutrition-related diabetes mellitus,Common Diseases/Conditions
Olfactory reference disorder with fair to good insight,Common Diseases/Conditions
Other specified abnormality of nail surface,Rare Diseases/Conditions
Synthetic cannabinoid-induced psychotic disorder,Common Diseases/Conditions
"Aneurysm and dissection of other artery, excluding aorta",Emergency Diseases/Conditions
Paediatric onset systemic sclerosis,Rare Diseases/Conditions
Cerebellar haemorrhage,Emergency Diseases/Conditions
Complete uterine prolapse with anterior vaginal wall prolapse,Common Diseases/Conditions
Small plaque parapsoriasis,Rare Diseases/Conditions
Haemorrhoids in the puerperium,Common Diseases/Conditions
Infected ingrowing toenail,Common Diseases/Conditions
Vena caval thrombosis,Emergency Diseases/Conditions
Symptomatic late neurosyphilis,Common Diseases/Conditions
"Dissociative neurological symptom disorder, with non-epileptic seizures",Common Diseases/Conditions
Cerebral ischemic stroke from dissection,Emergency Diseases/Conditions
Oesophageal varices with bleeding,Emergency Diseases/Conditions
HELLP syndrome,Emergency Diseases/Conditions
Cardiac complications of anaesthesia during the puerperium,Emergency Diseases/Conditions
Neonatal pemphigus,Rare Diseases/Conditions
Thrush disorder: Thrush disorder,Common Diseases/Conditions
Hypopyon,Emergency Diseases/Conditions
Secondary hyperthyroidism,Common Diseases/Conditions
Scalp folliculitis,Common Diseases/Conditions
Other specified supraventricular rhythm disturbance,Common Diseases/Conditions
Acute respiratory acidosis,Emergency Diseases/Conditions
Thoracoabdominal aortic aneurysm with perforation,Emergency Diseases/Conditions
Nodular regenerative hyperplasia of liver,Rare Diseases/Conditions
Precursor T-cell lymphoblastic leukaemia,Emergency Diseases/Conditions
Transient neonatal diabetes mellitus,Rare Diseases/Conditions
Other specified neonatal cardiac failure,Common Diseases/Conditions
Other specified mood disorders,Common Diseases/Conditions
Meniere disease,Common Diseases/Conditions
Plasmodium vivax malaria with rupture of spleen,Emergency Diseases/Conditions
Acinetobacter resistant to other antibiotic,Rare Diseases/Conditions
Other immediate postpartum haemorrhage,Emergency Diseases/Conditions
Thoracoabdominal aortic aneurysm with rupture,Emergency Diseases/Conditions
Chronic inflammatory disease of uterus with pyometra,Common Diseases/Conditions
Adenocarcinoma of prostate,Common Diseases/Conditions
"Bipolar type II disorder, current episode depressive, severe without psychotic symptoms",Common Diseases/Conditions
Adjustment disorder,Common Diseases/Conditions
Superficial thrombophlebitis in the puerperium,Common Diseases/Conditions
Chlamydial peritonitis,Rare Diseases/Conditions
Deep hemispheric haemorrhage,Emergency Diseases/Conditions
Endometriosis of other specified sites,Common Diseases/Conditions
Urothelial carcinoma in situ,Rare Diseases/Conditions
Neonatal tetany without calcium or magnesium deficiency,Common Diseases/Conditions
Ophthalmic zoster,Emergency Diseases/Conditions
Sleep-related hypoventilation due to medical condition,Common Diseases/Conditions
Chronic tubotympanic suppurative otitis media,Common Diseases/Conditions
Other specified lung infections,Common Diseases/Conditions
Ancylostomiasis,Common Diseases/Conditions
"Respiratory distress syndrome of the newborn, altered by maternal corticosteroid therapy or pulmonary surfactant replacement therapy",Common Diseases/Conditions
Cytomegaloviral hepatitis,Common Diseases/Conditions
Drug-induced or toxic liver disease with vascular disorders of the liver,Common Diseases/Conditions
Chronic posthaemorrhagic anaemia,Common Diseases/Conditions
Flaccid tetraplegia,Common Diseases/Conditions
Myxofibrosarcoma,Rare Diseases/Conditions
Acute myeloid leukaemia with maturation,Emergency Diseases/Conditions
Lipoblastomatosis,Rare Diseases/Conditions
Disorder Name: Cutaneous sarcoidosis,Rare Diseases/Conditions
Candidosis of nail or paronychium,Rare Diseases/Conditions
Salmonella enteritis,Common Diseases/Conditions
Other specified infections in the puerperium,Emergency Diseases/Conditions
Achalasia,Common Diseases/Conditions
Malignant neoplasm metastasis in kidney or renal pelvis,Emergency Diseases/Conditions
Deep phlebothrombosis in the puerperium,Emergency Diseases/Conditions
Streptococcal toxic shock syndrome,Emergency Diseases/Conditions
Glanders,Rare Diseases/Conditions
Gonococcal infection of anus,Common Diseases/Conditions
Bacteraemia,Emergency Diseases/Conditions
Verrucous squamous cell carcinoma of skin,Rare Diseases/Conditions
Polymorphic ventricular tachycardia,Emergency Diseases/Conditions
Gangliocytoma,Rare Diseases/Conditions
"Spindle cell carcinoma, NOS",Rare Diseases/Conditions
Peritonitis due to Streptococcus pneumoniae,Emergency Diseases/Conditions
Kleine-Levin syndrome,Rare Diseases/Conditions
"Acute rheumatic endocarditis, unspecified",Emergency Diseases/Conditions
"Pre-existing hypertensive heart and renal disease complicating pregnancy, childbirth or the puerperium",Common Diseases/Conditions
Other specified paraneoplastic or autoimmune disorders of the nervous system,Rare Diseases/Conditions
Hyperkalaemia,Emergency Diseases/Conditions
Streptococcus pneumoniae,Common Diseases/Conditions
Congenital pulmonary airway malformations,Rare Diseases/Conditions
Congenital hypertrophic pyloric stenosis,Common Diseases/Conditions
"Pre-existing hypertensive renal disease complicating pregnancy, childbirth or the puerperium",Common Diseases/Conditions
Duodenal ulcer due to other specified external causes,Common Diseases/Conditions
Malignant neoplasm metastasis in anus,Emergency Diseases/Conditions
Primary osteoarthritis of hip,Common Diseases/Conditions
Other specified restrictive cardiomyopathy,Rare Diseases/Conditions
Subdural nontraumatic haemorrhage of fetus or newborn,Emergency Diseases/Conditions
Cardiac arrest with pulseless electrical activity,Emergency Diseases/Conditions
Anaemia in neoplastic disease,Common Diseases/Conditions
Haemophilia B,Rare Diseases/Conditions
Periosteal fibrosarcoma,Rare Diseases/Conditions
Other specified forms of atopic eczema,Common Diseases/Conditions
Malignant neoplasm metastasis in peritoneum,Emergency Diseases/Conditions
Third-stage haemorrhage,Emergency Diseases/Conditions
Bartonella henselae,Common Diseases/Conditions
Acute appendicitis with localised peritonitis,Emergency Diseases/Conditions
Other specified carcinoma in situ of vagina,Common Diseases/Conditions
Immunodeficiency due to defects of the thymus,Rare Diseases/Conditions
Aneurysm of pulmonary artery with rupture,Emergency Diseases/Conditions
Rubella without complication,Common Diseases/Conditions
Radial styloid tenosynovitis,Common Diseases/Conditions
Malignant neoplasm metastasis in intra-abdominal lymph nodes,Emergency Diseases/Conditions
Amelanotic melanoma,Emergency Diseases/Conditions
Severe sepsis,Emergency Diseases/Conditions
Keratosis pilaris,Common Diseases/Conditions
Intermediate age-related macular degeneration,Common Diseases/Conditions
Necrosis of amputation stump,Common Diseases/Conditions
Other specified migraine,Common Diseases/Conditions
Congenital perforated nasal septum,Rare Diseases/Conditions
Leigh syndrome,Rare Diseases/Conditions
Corneal ulcer,Common Diseases/Conditions
Idiopathic copper-associated cirrhosis,Common Diseases/Conditions
Postpartum coagulation defects,Emergency Diseases/Conditions
"Acute aortoiliac occlusion, unspecified",Emergency Diseases/Conditions
"Embryonal tumours of brain, unspecified",Rare Diseases/Conditions
Solid papillary carcinoma in situ,Rare Diseases/Conditions
Medullomyoblastoma,Rare Diseases/Conditions
Abscess of salivary gland,Emergency Diseases/Conditions
Low grade central osteosarcoma,Rare Diseases/Conditions
"Small cell carcinoma, NOS",Rare Diseases/Conditions
Eastern equine encephalitis virus,Emergency Diseases/Conditions
"Adrenal cortical adenoma, glomerulosa cell",Rare Diseases/Conditions
"Stimulant-induced delirium including amphetamines, methamphetamine or methcathinone",Emergency Diseases/Conditions
Congenital myasthenic syndromes,Rare Diseases/Conditions
Thrombotic thrombocytopenic purpura,Emergency Diseases/Conditions
Gallstone ileus of small intestine,Emergency Diseases/Conditions
Herpes simplex infection of genitalia or urogenital tract,Common Diseases/Conditions
Bowen disease of skin,Common Diseases/Conditions
Eclampsia disorder: Eclampsia disorder,Emergency Diseases/Conditions
Invasive ductal carcinoma of breast,Common Diseases/Conditions
Perforation of large intestine,Emergency Diseases/Conditions
"Other infections with a predominantly sexual mode of transmission complicating pregnancy, childbirth or the puerperium",Common Diseases/Conditions
Pneumopericardium originating in the perinatal period,Emergency Diseases/Conditions
Glaucomatous optic neuropathy,Common Diseases/Conditions
Choroidal haemorrhage or rupture,Emergency Diseases/Conditions
Epilepsy due to tumours of the nervous system,Rare Diseases/Conditions
Babanki virus,Rare Diseases/Conditions
Plasmodium knowlesi,Rare Diseases/Conditions
Mast cell leukaemia,Rare Diseases/Conditions
Gangrene,Emergency Diseases/Conditions
Capillary haemangioma,Common Diseases/Conditions
Acute arterial infarction of the spinal cord,Emergency Diseases/Conditions
Hemophilus influenzae B,Common Diseases/Conditions
HIV disease clinical stage 1 without mention of tuberculosis or malaria,Emergency Diseases/Conditions
Influenza A H5 virus,Emergency Diseases/Conditions
Descending aorta dissection and distal propagation without mention of perforation or rupture,Emergency Diseases/Conditions
Xanthelasma of eyelid,Common Diseases/Conditions
Aneurysm or dissection of carotid artery,Emergency Diseases/Conditions
Other or unspecified malignant epithelial neoplasm of pharyngeal tonsil,Rare Diseases/Conditions
"Bipolar type II disorder, current episode depressive, moderate with psychotic symptoms",Common Diseases/Conditions
"Recurrent depressive disorder, currently in full remission",Common Diseases/Conditions
Acute bilineal leukaemia,Emergency Diseases/Conditions
"Dissociative neurological symptom disorder, with paresis or weakness",Common Diseases/Conditions
Infections of kidney in pregnancy,Emergency Diseases/Conditions
Other specified malignant neoplasms of oropharynx,Rare Diseases/Conditions
Polydipsia,Common Diseases/Conditions
Endemic non-venereal syphilis,Common Diseases/Conditions
Acute thromboembolic aortoiliac occlusion,Emergency Diseases/Conditions
Superficial spreading melanoma,Emergency Diseases/Conditions
Omphalocele,Rare Diseases/Conditions
Sudden infant death syndrome without autopsy,Emergency Diseases/Conditions
Traumatic pulmonary haemorrhage originating in the perinatal period,Emergency Diseases/Conditions
Neonatal aspiration of meconium,Emergency Diseases/Conditions
Delirium induced by other specified psychoactive substance including medications,Emergency Diseases/Conditions
HIV disease clinical stage 2 without mention of tuberculosis or malaria,Emergency Diseases/Conditions
Volatile inhalant withdrawal,Common Diseases/Conditions
Trichoblastoma,Rare Diseases/Conditions
Disorder Name: Acute inflammatory demyelinating polyneuropathy,Emergency Diseases/Conditions
T lymphoblastic leukaemia/lymphoma,Emergency Diseases/Conditions
Chagas disease with digestive system involvement,Common Diseases/Conditions
Cellulitis or abscess of soft tissues of the mouth,Emergency Diseases/Conditions
Aneurysm of aortic sinus of Valsalva,Common Diseases/Conditions
Deafness not otherwise specified,Common Diseases/Conditions
"MDMA or related drug-induced psychotic disorder, including MDA",Emergency Diseases/Conditions
Other specified malignant neoplasms of large intestine,Rare Diseases/Conditions
Ingrowing toenail,Common Diseases/Conditions
Acute erythroid leukemia,Common Diseases/Conditions
Rubeosis of iris,Common Diseases/Conditions
Infiltrating lipoma,Rare Diseases/Conditions
Trypanosoma cruzi,Common Diseases/Conditions
Hyperprolactinaemia,Common Diseases/Conditions
Deep phlebothrombosis in pregnancy,Emergency Diseases/Conditions
Atrioventricular nodal reentry tachycardia,Common Diseases/Conditions
"Apnoea of newborn, due to neurologic injury",Common Diseases/Conditions
Hypokalaemia of newborn,Common Diseases/Conditions
Eclampsia in the puerperium,Emergency Diseases/Conditions
Other specified dermatophytosis,Common Diseases/Conditions
Waterhouse-Friderichsen syndrome,Emergency Diseases/Conditions
"Anorexia Nervosa with dangerously low body weight, restricting pattern",Common Diseases/Conditions
Normal tension glaucoma,Common Diseases/Conditions
Hypochondriasis with poor to absent insight,Common Diseases/Conditions
"Schizophrenia, multiple episodes, in partial remission",Common Diseases/Conditions
Postprocedural acute female pelvic inflammatory disease,Emergency Diseases/Conditions
Acquired vitamin A deficiency anaemia,Common Diseases/Conditions
Ovotesticular disorder of sex development,Rare Diseases/Conditions
Puerperal sepsis,Emergency Diseases/Conditions
Coloboma of iris,Rare Diseases/Conditions
Other specified trachoma,Rare Diseases/Conditions
Other specified hepatic fibrosis or cirrhosis,Common Diseases/Conditions
"Developmental language disorder, with other specified language impairment",Rare Diseases/Conditions
Advanced sleep-wake phase disorder,Common Diseases/Conditions
Anterior ischemic optic neuropathy,Common Diseases/Conditions
Fungal postinfectious arthropathies,Common Diseases/Conditions
Migraine disorder (TM1),Common Diseases/Conditions
Diphtheria,Common Diseases/Conditions
"Schizophrenia or other primary psychotic disorders, unspecified",Common Diseases/Conditions
Early T-cell precursor acute lymphoblastic leukemia,Emergency Diseases/Conditions
Squamous cell carcinoma of nasopharynx,Common Diseases/Conditions
Kaposi sarcoma associated with human immunodeficiency virus disease without mention of tuberculosis or malaria,Emergency Diseases/Conditions
Rectal prolapse,Common Diseases/Conditions
Protein deficiency,Rare Diseases/Conditions
Abscess of liver,Common Diseases/Conditions
Synthetic cathinone-induced psychotic disorder with delusions,Emergency Diseases/Conditions
Acute appendicitis with generalised peritonitis,Emergency Diseases/Conditions
Spontaneous tension pneumothorax,Emergency Diseases/Conditions
Achlorhydria,Common Diseases/Conditions
Lentigo maligna melanoma,Emergency Diseases/Conditions
"Schizophrenia, first episode, in partial remission",Common Diseases/Conditions
HIV disease clinical stage 1 associated with malaria,Emergency Diseases/Conditions
Type II leprosy reaction,Common Diseases/Conditions
Constitutional delay of growth and puberty,Common Diseases/Conditions
Other specified patellar dysostoses,Rare Diseases/Conditions
Incomplete uterine prolapse with posterior vaginal wall prolapse,Rare Diseases/Conditions
Dravet syndrome,Rare Diseases/Conditions
Squamous cell carcinoma of vulva,Common Diseases/Conditions
Impingement syndrome of shoulder,Common Diseases/Conditions
Rheumatic pulmonary valve insufficiency,Common Diseases/Conditions
Aneurysm or dissection of artery of lower extremity,Emergency Diseases/Conditions
Rubella with neurological complications,Emergency Diseases/Conditions
Late congenital neurosyphilis,Common Diseases/Conditions
Herpes simplex meningitis,Emergency Diseases/Conditions
Spondylolysis with slippage,Common Diseases/Conditions
Disorders of other specified mineral absorption and transport,Rare Diseases/Conditions
Cellulitis disorder (TM1),Emergency Diseases/Conditions
"Melanoma in situ neoplasms, unspecified site",Common Diseases/Conditions
Acute lymphadenitis,Emergency Diseases/Conditions
Angiokeratoma,Common Diseases/Conditions
"Schizoaffective disorder, continuous, in partial remission",Common Diseases/Conditions
Other specified inborn errors of sterol metabolism,Rare Diseases/Conditions
Alpha-granule diseases,Rare Diseases/Conditions
Choroidal detachment,Emergency Diseases/Conditions
"Chronic kidney disease, stage 2",Common Diseases/Conditions
Constrictive pericarditis,Common Diseases/Conditions
Other specified secondary hypertension,Common Diseases/Conditions
"Malignant neoplasm metastasis in female reproductive system, unspecified",Emergency Diseases/Conditions
Environmental hyperthermia of newborn,Emergency Diseases/Conditions
Pre-existing type 2 diabetes mellitus in pregnancy,Common Diseases/Conditions
Vitamin B12 deficiency anaemia due to intestinal disease,Common Diseases/Conditions
Nicotine withdrawal,Common Diseases/Conditions
Median rhomboid glossitis,Common Diseases/Conditions
Other specified acquired hearing impairment,Common Diseases/Conditions
Mycobacterium ulcerans,Rare Diseases/Conditions
Hyperosmolar hyperglycaemic state with coma,Emergency Diseases/Conditions
Calcific tendinitis,Common Diseases/Conditions
Malignant neoplasm metastasis in lung,Emergency Diseases/Conditions
Liver abscess disorder (TM1),Common Diseases/Conditions
"Chronic myeloid leukaemia, not elsewhere classified",Common Diseases/Conditions
Intermittent convergent esotropia,Common Diseases/Conditions
Unstable angina,Emergency Diseases/Conditions
o'nyong nyong virus,Common Diseases/Conditions
"Malignant lymphoma, large B-cell, diffuse, immunoblastic, NOS",Common Diseases/Conditions
Other specified optic neuritis,Common Diseases/Conditions
"Malignant germ cell neoplasms of heart, mediastinum or non-mesothelioma of pleura",Rare Diseases/Conditions
Squamous cell carcinoma of sphenoidal sinus,Rare Diseases/Conditions
Drug-induced toxic epidermal necrolysis,Emergency Diseases/Conditions
Endometriosis of the nervous system,Rare Diseases/Conditions
Diphtheria,Common Diseases/Conditions
Other specified Creutzfeldt-Jakob disease,Rare Diseases/Conditions
Severe acute respiratory syndrome,Emergency Diseases/Conditions
"Chondroblastoma, NOS",Rare Diseases/Conditions
Chancroid,Common Diseases/Conditions
Acute dilatation of stomach,Emergency Diseases/Conditions
Sebaceous epithelioma,Rare Diseases/Conditions
Other specified perforation of oesophagus,Emergency Diseases/Conditions
Tuboovarian abscess,Emergency Diseases/Conditions
Diurnal enuresis,Common Diseases/Conditions
B lymphoblastic leukaemia/lymphoma with hyperdiploidy,Emergency Diseases/Conditions
Other specified obstructive ileus of small intestine due to impaction,Emergency Diseases/Conditions
Diabetes mellitus arising in pregnancy,Common Diseases/Conditions
Drug-induced Stevens-Johnson syndrome,Emergency Diseases/Conditions
Acute alcohol-induced pancreatitis,Emergency Diseases/Conditions
Hypothyroidism postradioactive iodine ablation,Common Diseases/Conditions
"Schizoaffective disorder, first episode, currently symptomatic",Common Diseases/Conditions
Disseminated zoster,Emergency Diseases/Conditions
Brain cystic malformations,Rare Diseases/Conditions
Measles complicated by encephalitis,Emergency Diseases/Conditions
Other specified disorders specifically associated with stress,Common Diseases/Conditions
Other specified psoriatic arthritis,Common Diseases/Conditions
"Epithelial tumour, benign",Common Diseases/Conditions
Vestibular migraine,Common Diseases/Conditions
Posterior tibial tendonitis,Common Diseases/Conditions
Other specified myasthenia gravis,Common Diseases/Conditions
Vitamin E deficiency,Rare Diseases/Conditions
Traumatic optic neuropathy,Common Diseases/Conditions
Alveolitis of jaw,Common Diseases/Conditions
Vaginal stenosis or gynatresia related to obstetric fistula,Rare Diseases/Conditions
Unspecified asthma with exacerbation,Common Diseases/Conditions
Acute Chagas disease without heart involvement,Common Diseases/Conditions
Early cutaneous Lyme borreliosis,Common Diseases/Conditions
Perinatal arterial stroke,Emergency Diseases/Conditions
Diverticulitis of large intestine without complication,Common Diseases/Conditions
Malignant neoplasm metastasis in retroperitoneum,Emergency Diseases/Conditions
Meralgia paraesthetica,Common Diseases/Conditions
Acute rheumatic pericarditis,Emergency Diseases/Conditions
"Glandular intraepithelial neoplasia, low grade",Rare Diseases/Conditions
Post traumatic osteoarthritis of other specified joint,Common Diseases/Conditions
"Folate deficiency anaemia, unspecified",Common Diseases/Conditions
Primary angle closure without pupillary block,Common Diseases/Conditions
Anorectal abscess,Common Diseases/Conditions
Secondary syphilis of skin or mucous membranes,Common Diseases/Conditions
"Alzheimer's disease dementia, mixed type, with other nonvascular aetiologies",Common Diseases/Conditions
Other specified inflammatory liver disease,Common Diseases/Conditions
Multibacillary leprosy,Common Diseases/Conditions
Interrupted aortic arch,Emergency Diseases/Conditions
Gonorrhoea of penis,Common Diseases/Conditions
"Mixed phenotype acute leukaemia, T/myeloid, NOS",Emergency Diseases/Conditions
Other specified megaloblastic anaemia due to vitamin B12 deficiency,Common Diseases/Conditions
Trichuris trichiura,Common Diseases/Conditions
Drug-induced vitamin B12 deficiency anaemia,Common Diseases/Conditions
Intraductal papillary-mucinous tumour with intermediate dysplasia,Rare Diseases/Conditions
Endometriosis of rectovaginal septum or vagina,Common Diseases/Conditions
Dissociative amnesia with dissociative fugue,Common Diseases/Conditions
